<?xml version="1.0" encoding="UTF-8"?>
<!DOCTYPE generatorConfiguration
		PUBLIC "-//mybatis.org//DTD MyBatis Generator Configuration 1.0//EN"
		"http://mybatis.org/dtd/mybatis-generator-config_1_0.dtd">

<generatorConfiguration>
	<context id="testTables" targetRuntime="MyBatis3">
		<commentGenerator>
			<!-- 是否去除自动生成的注释 true：是 ： false:否 -->
			<property name="suppressAllComments" value="true" />
		</commentGenerator>
		<!--数据库连接的信息：驱动类、连接地址、用户名、密码 -->
		<jdbcConnection driverClass="com.mysql.jdbc.Driver" connectionURL="jdbc:mysql://localhost:3306/project" userId="root" password="123">
		</jdbcConnection>

		<!-- 默认false，把JDBC DECIMAL 和 NUMERIC 类型解析为 Integer，为 true时把JDBC DECIMAL 和 
			NUMERIC 类型解析为java.math.BigDecimal -->
		<javaTypeResolver>
			<property name="forceBigDecimals" value="false" />
		</javaTypeResolver>

		<!-- targetProject:生成 domain 类的位置 -->
		<javaModelGenerator targetPackage="com.itheima.domain" targetProject=".\src">
			<!-- enableSubPackages:是否让schema作为包的后缀 -->
			<property name="enableSubPackages" value="false" />
			<!-- 从数据库返回的值被清理前后的空格 -->
			<property name="trimStrings" value="true" />
		</javaModelGenerator>
        <!-- targetProject:mapper(*Mapper.xml)映射文件生成的位置 -->
		<sqlMapGenerator targetPackage="com.itheima.mapper" targetProject=".\src">
			<!-- enableSubPackages:是否让schema作为包的后缀 -->
			<property name="enableSubPackages" value="false" />
		</sqlMapGenerator>
		<!-- targetPackage：mapper接口生成的位置 -->
		<javaClientGenerator type="XMLMAPPER" targetPackage="com.itheima.mapper" targetProject=".\src">
			<!-- enableSubPackages:是否让schema作为包的后缀 -->
			<property name="enableSubPackages" value="false" />
		</javaClientGenerator>
		<!-- 指定数据库表 -->
		<table schema="" tableName="sys_user" domainObjectName="SysUser"></table>
		<table schema="" tableName="sys_dept" domainObjectName="SysDept"></table>
		<table schema="" tableName="sys_acl" domainObjectName="SysAcl"></table>
		<table schema="" tableName="sys_acl_module" domainObjectName="SysAclModule"></table>
		<table schema="" tableName="sys_role" domainObjectName="SysRole"></table>
		<table schema="" tableName="sys_role_acl" domainObjectName="SysRoleAcl"></table>
		<table schema="" tableName="sys_role_user" domainObjectName="SysRoleUser"></table>
		<table schema="" tableName="sys_log" domainObjectName="SysLog"></table>

		<!-- 有些表的字段需要指定java类型
		 <table schema="" tableName="user">
			<columnOverride column="id" javaType="Long" />
		</table> -->
	</context>
</generatorConfiguration>
